﻿<?xml version="1.0" encoding="utf-8"?>
<!-- Template <book> <title></title> <author birthday =""></author> <publisher></publisher> <year></year> <binding></binding> </book> -->
<books>
  <book>
    <title>Catching Fire</title>
    <author birthday="03/01/1945">Suzanne Collins</author>
    <publisher>Hunger Games</publisher>
    <year>2013</year>
    <binding>Soft Cover</binding>
  </book>
  <book>
    <title>Da Vinci Code</title>
    <author birthday="01/06/1956">Dan Brown</author>
    <publisher>Transworld</publisher>
    <year>1975</year>
    <binding>Hard Cover</binding>
  </book>
  <book>
    <title>Twilight</title>
    <author birthday="05/14/1950">Stephanie Meyer</author>
    <publisher>Little, Brown Book</publisher>
    <year>2010</year>
    <binding>Hard Cover</binding>
  </book>
  <book>
    <title>Girl With the Dragon Tattoo</title>
    <author birthday="01/31/1977">Stieg Larsson</author>
    <publisher>Quercus</publisher>
    <year>1994</year>
    <binding>Soft Cover</binding>
  </book>
  <book>
    <title>Harry Potter: Goblet of Fire</title>
    <author birthday="09/24/1946">JK Rowling</author>
    <publisher>Bloomsbury</publisher>
    <year>2004</year>
    <binding>Hard Cover</binding>
  </book>
  <book>
    <title>The Kite Runner</title>
    <author birthday="07/12/1943">Khaled Hosseini</author>
    <publisher>Bloomsbury</publisher>
    <year>1999</year>
    <binding>Soft Cover</binding>
  </book>
  <book>
    <title>Atonement</title>
    <author birthday="11/11/1911">Ian McEwan</author>
    <publisher>Random House</publisher>
    <year>2005</year>
    <binding>Soft Cover</binding>
  </book>
  <book>
    <title>Life of Pi</title>
    <author birthday="12/25/1904">Yann Martel</author>
    <publisher>Canongate</publisher>
    <year>2008</year>
    <binding>Hard Cover</binding>
  </book>
  <book>
    <title>Time Traveler's Wife</title>
    <author birthday="12/03/1949">Audrey Niffenegger</author>
    <publisher>Random House</publisher>
    <year>2000</year>
    <binding>Hard Cover</binding>
  </book>
  <book>
    <title>To Kill a Mockingbird</title>
    <author birthday="02/14/1968">Harper Lee</author>
    <publisher>Random House</publisher>
    <year>1985</year>
    <binding>Soft Cover</binding>
  </book>
  <book>
    <title>Test Book</title>
    <author birthday="4/10/2017">Sean Hite</author>
    <publisher>Sean</publisher>
    <year>2017</year>
    <binding>Hard Cover</binding>
  </book>
</books>